val_loss,epoch,step
0.22986820340156555,0,6
0.15097762644290924,1,13
