epoch,train_loss,step,val_loss
0,0.07547223567962646,0,
0,0.06381835043430328,1,
0,0.05122124403715134,2,
0,0.05616946890950203,3,
0,0.05531614273786545,4,
0,0.03920599818229675,5,
0,0.0450187548995018,6,
0,,6,0.09858087450265884
1,0.03689650073647499,7,
1,0.035177864134311676,8,
1,0.03409159928560257,9,
1,0.06065303459763527,10,
1,0.045329127460718155,11,
1,0.030032632872462273,12,
1,0.03802436590194702,13,
1,,13,0.0791204422712326
